<application>
  <component name="SshConfigs">
    <configs>
      <sshConfig authType="OPEN_SSH" host="soctf-020" id="304a7ab4-2bf5-47d8-af0d-8cda86af2983" port="22" nameFormat="DESCRIPTIVE" username="simonjl" useOpenSSHConfig="true" />
      <sshConfig authType="OPEN_SSH" host="xgpd5" id="b709674b-64cc-42a5-bb21-eda3f3556f0c" port="22" nameFormat="DESCRIPTIVE" username="simonjl" useOpenSSHConfig="true" />
      <sshConfig authType="OPEN_SSH" host="xgpd" id="7133c4d7-b44d-4baf-b0b6-de7bbf42de06" port="22" nameFormat="DESCRIPTIVE" username="simonjl" useOpenSSHConfig="true" />
      <sshConfig authType="OPEN_SSH" host="soc" id="f6378afa-2980-4f1a-bb90-0d0e2b661448" port="22" nameFormat="DESCRIPTIVE" username="simonjl" useOpenSSHConfig="true" />
      <sshConfig authType="OPEN_SSH" host="xlog1.comp.nus.edu.sg" id="b297163c-fe3c-45b2-9757-03dd5a3cc3c7" port="22" nameFormat="DESCRIPTIVE" username="simonjl" useOpenSSHConfig="true" />
    </configs>
  </component>
</application>