<profile version="1.0">
  <option name="myName" value="Default" />
  <inspection_tool class="DuplicatedCode" enabled="true" level="WEAK WARNING" enabled_by_default="true">
    <Languages>
      <language minSize="99" name="Python" />
    </Languages>
  </inspection_tool>
  <inspection_tool class="Eslint" enabled="true" level="WARNING" enabled_by_default="true" />
  <inspection_tool class="JSUnusedGlobalSymbols" enabled="false" level="WARNING" enabled_by_default="false" />
  <inspection_tool class="MarkdownIncorrectlyNumberedListItem" enabled="false" level="WARNING" enabled_by_default="false" />
  <inspection_tool class="PyArgumentListInspection" enabled="false" level="WARNING" enabled_by_default="false" />
  <inspection_tool class="PyBroadExceptionInspection" enabled="false" level="WEAK WARNING" enabled_by_default="false" />
  <inspection_tool class="PyInterpreterInspection" enabled="false" level="WARNING" enabled_by_default="false" />
  <inspection_tool class="PyMethodMayBeStaticInspection" enabled="false" level="WEAK WARNING" enabled_by_default="false" />
  <inspection_tool class="PyPackageRequirementsInspection" enabled="true" level="WARNING" enabled_by_default="true">
    <option name="ignoredPackages">
      <value>
        <list size="144">
          <item index="0" class="java.lang.String" itemvalue="mysql.connector" />
          <item index="1" class="java.lang.String" itemvalue="alc-security_master_pyloader" />
          <item index="2" class="java.lang.String" itemvalue="numba" />
          <item index="3" class="java.lang.String" itemvalue="tzlocal" />
          <item index="4" class="java.lang.String" itemvalue="json-merge-patch" />
          <item index="5" class="java.lang.String" itemvalue="defusedxml" />
          <item index="6" class="java.lang.String" itemvalue="marshmallow" />
          <item index="7" class="java.lang.String" itemvalue="py" />
          <item index="8" class="java.lang.String" itemvalue="python-slugify" />
          <item index="9" class="java.lang.String" itemvalue="markupsafe" />
          <item index="10" class="java.lang.String" itemvalue="graphviz" />
          <item index="11" class="java.lang.String" itemvalue="lxml" />
          <item index="12" class="java.lang.String" itemvalue="soupsieve" />
          <item index="13" class="java.lang.String" itemvalue="prison" />
          <item index="14" class="java.lang.String" itemvalue="python-nvd3" />
          <item index="15" class="java.lang.String" itemvalue="werkzeug" />
          <item index="16" class="java.lang.String" itemvalue="sqlalchemy-utils" />
          <item index="17" class="java.lang.String" itemvalue="attrdict" />
          <item index="18" class="java.lang.String" itemvalue="gunicorn" />
          <item index="19" class="java.lang.String" itemvalue="python3-openid" />
          <item index="20" class="java.lang.String" itemvalue="sqlalchemy" />
          <item index="21" class="java.lang.String" itemvalue="attrs" />
          <item index="22" class="java.lang.String" itemvalue="psutil" />
          <item index="23" class="java.lang.String" itemvalue="pyyaml" />
          <item index="24" class="java.lang.String" itemvalue="boto3" />
          <item index="25" class="java.lang.String" itemvalue="flask" />
          <item index="26" class="java.lang.String" itemvalue="sqlalchemy-jsonfield" />
          <item index="27" class="java.lang.String" itemvalue="alembic" />
          <item index="28" class="java.lang.String" itemvalue="python-daemon" />
          <item index="29" class="java.lang.String" itemvalue="numpy" />
          <item index="30" class="java.lang.String" itemvalue="requests" />
          <item index="31" class="java.lang.String" itemvalue="eth-account" />
          <item index="32" class="java.lang.String" itemvalue="flask-admin" />
          <item index="33" class="java.lang.String" itemvalue="flask-swagger" />
          <item index="34" class="java.lang.String" itemvalue="pytzdata" />
          <item index="35" class="java.lang.String" itemvalue="zope.deprecation" />
          <item index="36" class="java.lang.String" itemvalue="bip-utils" />
          <item index="37" class="java.lang.String" itemvalue="flask-login" />
          <item index="38" class="java.lang.String" itemvalue="flask-babel" />
          <item index="39" class="java.lang.String" itemvalue="tenacity" />
          <item index="40" class="java.lang.String" itemvalue="markdown" />
          <item index="41" class="java.lang.String" itemvalue="thrift" />
          <item index="42" class="java.lang.String" itemvalue="cached-property" />
          <item index="43" class="java.lang.String" itemvalue="itsdangerous" />
          <item index="44" class="java.lang.String" itemvalue="logfmt" />
          <item index="45" class="java.lang.String" itemvalue="pygments" />
          <item index="46" class="java.lang.String" itemvalue="flask-appbuilder" />
          <item index="47" class="java.lang.String" itemvalue="cattrs" />
          <item index="48" class="java.lang.String" itemvalue="marshmallow-sqlalchemy" />
          <item index="49" class="java.lang.String" itemvalue="dataclasses" />
          <item index="50" class="java.lang.String" itemvalue="botocore" />
          <item index="51" class="java.lang.String" itemvalue="iso8601" />
          <item index="52" class="java.lang.String" itemvalue="web3" />
          <item index="53" class="java.lang.String" itemvalue="pysha3" />
          <item index="54" class="java.lang.String" itemvalue="pandas" />
          <item index="55" class="java.lang.String" itemvalue="future" />
          <item index="56" class="java.lang.String" itemvalue="babel" />
          <item index="57" class="java.lang.String" itemvalue="yarl" />
          <item index="58" class="java.lang.String" itemvalue="pytz" />
          <item index="59" class="java.lang.String" itemvalue="setproctitle" />
          <item index="60" class="java.lang.String" itemvalue="unicodecsv" />
          <item index="61" class="java.lang.String" itemvalue="python-consul" />
          <item index="62" class="java.lang.String" itemvalue="colorlog" />
          <item index="63" class="java.lang.String" itemvalue="apispec" />
          <item index="64" class="java.lang.String" itemvalue="filelock" />
          <item index="65" class="java.lang.String" itemvalue="pyzmq" />
          <item index="66" class="java.lang.String" itemvalue="certifi" />
          <item index="67" class="java.lang.String" itemvalue="pendulum" />
          <item index="68" class="java.lang.String" itemvalue="uvloop" />
          <item index="69" class="java.lang.String" itemvalue="apache-airflow" />
          <item index="70" class="java.lang.String" itemvalue="beautifulsoup4" />
          <item index="71" class="java.lang.String" itemvalue="email-validator" />
          <item index="72" class="java.lang.String" itemvalue="dnspython" />
          <item index="73" class="java.lang.String" itemvalue="argcomplete" />
          <item index="74" class="java.lang.String" itemvalue="cryptography" />
          <item index="75" class="java.lang.String" itemvalue="orjson" />
          <item index="76" class="java.lang.String" itemvalue="deprecation" />
          <item index="77" class="java.lang.String" itemvalue="jinja2" />
          <item index="78" class="java.lang.String" itemvalue="configparser" />
          <item index="79" class="java.lang.String" itemvalue="marshmallow-enum" />
          <item index="80" class="java.lang.String" itemvalue="wtforms" />
          <item index="81" class="java.lang.String" itemvalue="pyhumps" />
          <item index="82" class="java.lang.String" itemvalue="funcsigs" />
          <item index="83" class="java.lang.String" itemvalue="flask-caching" />
          <item index="84" class="java.lang.String" itemvalue="llvmlite" />
          <item index="85" class="java.lang.String" itemvalue="mako" />
          <item index="86" class="java.lang.String" itemvalue="python-editor" />
          <item index="87" class="java.lang.String" itemvalue="flask-openid" />
          <item index="88" class="java.lang.String" itemvalue="bloxroute-cli" />
          <item index="89" class="java.lang.String" itemvalue="urllib3" />
          <item index="90" class="java.lang.String" itemvalue="croniter" />
          <item index="91" class="java.lang.String" itemvalue="flask-jwt-extended" />
          <item index="92" class="java.lang.String" itemvalue="text-unidecode" />
          <item index="93" class="java.lang.String" itemvalue="flask-sqlalchemy" />
          <item index="94" class="java.lang.String" itemvalue="dill" />
          <item index="95" class="java.lang.String" itemvalue="clize" />
          <item index="96" class="java.lang.String" itemvalue="lazy-object-proxy" />
          <item index="97" class="java.lang.String" itemvalue="lockfile" />
          <item index="98" class="java.lang.String" itemvalue="s3transfer" />
          <item index="99" class="java.lang.String" itemvalue="colorama" />
          <item index="100" class="java.lang.String" itemvalue="flask-wtf" />
          <item index="101" class="java.lang.String" itemvalue="aiohttp" />
          <item index="102" class="java.lang.String" itemvalue="ipfshttpclient" />
          <item index="103" class="java.lang.String" itemvalue="alc-message-bus-pyclient" />
          <item index="104" class="java.lang.String" itemvalue="lru-dict" />
          <item index="105" class="java.lang.String" itemvalue="protobuf" />
          <item index="106" class="java.lang.String" itemvalue="hexbytes" />
          <item index="107" class="java.lang.String" itemvalue="pluggy" />
          <item index="108" class="java.lang.String" itemvalue="pytest-xdist" />
          <item index="109" class="java.lang.String" itemvalue="eth-hash" />
          <item index="110" class="java.lang.String" itemvalue="pyrsistent" />
          <item index="111" class="java.lang.String" itemvalue="pytest-forked" />
          <item index="112" class="java.lang.String" itemvalue="websockets" />
          <item index="113" class="java.lang.String" itemvalue="six" />
          <item index="114" class="java.lang.String" itemvalue="pytest" />
          <item index="115" class="java.lang.String" itemvalue="iniconfig" />
          <item index="116" class="java.lang.String" itemvalue="packaging" />
          <item index="117" class="java.lang.String" itemvalue="typing-extensions" />
          <item index="118" class="java.lang.String" itemvalue="toml" />
          <item index="119" class="java.lang.String" itemvalue="click" />
          <item index="120" class="java.lang.String" itemvalue="chardet" />
          <item index="121" class="java.lang.String" itemvalue="base58" />
          <item index="122" class="java.lang.String" itemvalue="execnet" />
          <item index="123" class="java.lang.String" itemvalue="rlp" />
          <item index="124" class="java.lang.String" itemvalue="multidict" />
          <item index="125" class="java.lang.String" itemvalue="pycryptodome" />
          <item index="126" class="java.lang.String" itemvalue="eth-utils" />
          <item index="127" class="java.lang.String" itemvalue="idna" />
          <item index="128" class="java.lang.String" itemvalue="zipp" />
          <item index="129" class="java.lang.String" itemvalue="importlib-metadata" />
          <item index="130" class="java.lang.String" itemvalue="mpmath" />
          <item index="131" class="java.lang.String" itemvalue="sympy" />
          <item index="132" class="java.lang.String" itemvalue="coverage" />
          <item index="133" class="java.lang.String" itemvalue="pip-tools" />
          <item index="134" class="java.lang.String" itemvalue="async-timeout" />
          <item index="135" class="java.lang.String" itemvalue="eth-keys" />
          <item index="136" class="java.lang.String" itemvalue="python-dateutil" />
          <item index="137" class="java.lang.String" itemvalue="pytest-asyncio" />
          <item index="138" class="java.lang.String" itemvalue="jmespath" />
          <item index="139" class="java.lang.String" itemvalue="toolz" />
          <item index="140" class="java.lang.String" itemvalue="eth-typing" />
          <item index="141" class="java.lang.String" itemvalue="pytest-cov" />
          <item index="142" class="java.lang.String" itemvalue="cytoolz" />
          <item index="143" class="java.lang.String" itemvalue="docutils" />
        </list>
      </value>
    </option>
  </inspection_tool>
  <inspection_tool class="PyPep8Inspection" enabled="true" level="WEAK WARNING" enabled_by_default="true">
    <option name="ignoredErrors">
      <list>
        <option value="E722" />
        <option value="W292" />
        <option value="E741" />
      </list>
    </option>
  </inspection_tool>
  <inspection_tool class="PyPep8NamingInspection" enabled="true" level="WEAK WARNING" enabled_by_default="true">
    <option name="ignoredErrors">
      <list>
        <option value="N813" />
        <option value="N806" />
        <option value="N802" />
        <option value="N801" />
        <option value="N803" />
      </list>
    </option>
  </inspection_tool>
  <inspection_tool class="PyTypeCheckerInspection" enabled="false" level="WARNING" enabled_by_default="false" />
  <inspection_tool class="PyUnresolvedReferencesInspection" enabled="true" level="WARNING" enabled_by_default="true">
    <option name="ignoredIdentifiers">
      <list>
        <option value="str.get" />
        <option value="app.core.datatypes.derivative_metadata.DerivativesMetadata.__dataclass_fields__" />
        <option value="src.app.core.datatypes.derivative_metadata.DerivativesMetadata.__dataclass_fields__" />
        <option value="list.__getitem__" />
      </list>
    </option>
  </inspection_tool>
  <inspection_tool class="TsLint" enabled="true" level="WARNING" enabled_by_default="true" />
</profile>