<keymap version="1" name="GNOME copy" parent="Default for GNOME">
  <action id="ActivateBookmarksToolWindow">
    <keyboard-shortcut first-keystroke="alt b" />
  </action>
  <action id="ActivateFindToolWindow" />
  <action id="ActivateProjectToolWindow">
    <keyboard-shortcut first-keystroke="alt e" />
  </action>
  <action id="ActivatePullRequestsToolWindow">
    <keyboard-shortcut first-keystroke="alt p" />
  </action>
  <action id="ActivatePythonConsoleToolWindow">
    <keyboard-shortcut first-keystroke="alt 4" />
  </action>
  <action id="ActivateRunToolWindow" />
  <action id="ActivateTODOToolWindow">
    <keyboard-shortcut first-keystroke="alt 3" />
  </action>
  <action id="ActivateTerminalToolWindow">
    <keyboard-shortcut first-keystroke="alt 2" />
  </action>
  <action id="ActivateVersionControlToolWindow">
    <keyboard-shortcut first-keystroke="alt 1" />
  </action>
  <action id="Back">
    <keyboard-shortcut first-keystroke="shift alt left" />
  </action>
  <action id="ChooseDebugConfiguration" />
  <action id="ChooseRunConfiguration" />
  <action id="CloseActiveTab" />
  <action id="CloseContent">
    <keyboard-shortcut first-keystroke="ctrl f4" />
    <keyboard-shortcut first-keystroke="ctrl w" />
  </action>
  <action id="Debug">
    <mouse-shortcut keystroke="button5" />
  </action>
  <action id="EditorSelectWord">
    <keyboard-shortcut first-keystroke="ctrl alt w" />
  </action>
  <action id="FileChooser.GotoProject" />
  <action id="Forward">
    <keyboard-shortcut first-keystroke="shift alt right" />
  </action>
  <action id="Run">
    <mouse-shortcut keystroke="button4" />
  </action>
  <action id="SmartSelect" />
  <action id="SplitVertically">
    <keyboard-shortcut first-keystroke="alt v" />
  </action>
  <action id="UsageFiltering.WriteAccess" />
</keymap>