<keymap version="1" name="GNOME copy Proper Redo" parent="Default for GNOME">
  <action id="$LRU">
    <keyboard-shortcut first-keystroke="alt o" />
  </action>
  <action id="$Redo">
    <keyboard-shortcut first-keystroke="shift ctrl z" />
    <keyboard-shortcut first-keystroke="shift alt back_space" />
    <keyboard-shortcut first-keystroke="ctrl y" />
  </action>
  <action id="ActivateBookmarksToolWindow">
    <keyboard-shortcut first-keystroke="alt b" />
  </action>
  <action id="ActivateFindToolWindow" />
  <action id="ActivateKeyPromoterXToolWindow">
    <keyboard-shortcut first-keystroke="alt 7" />
  </action>
  <action id="ActivateProblemsViewToolWindow">
    <keyboard-shortcut first-keystroke="alt 4" />
  </action>
  <action id="ActivateProjectToolWindow">
    <keyboard-shortcut first-keystroke="alt t" />
  </action>
  <action id="ActivateRunToolWindow" />
  <action id="ActivateStructureToolWindow">
    <keyboard-shortcut first-keystroke="alt s" />
  </action>
  <action id="ActivateTODOToolWindow">
    <keyboard-shortcut first-keystroke="alt 3" />
  </action>
  <action id="ActivateTerminalToolWindow">
    <keyboard-shortcut first-keystroke="alt 2" />
  </action>
  <action id="ActivateVersionControlToolWindow">
    <keyboard-shortcut first-keystroke="alt 1" />
  </action>
  <action id="Back">
    <keyboard-shortcut first-keystroke="shift alt left" />
  </action>
  <action id="ChangeSplitOrientation">
    <keyboard-shortcut first-keystroke="alt e" />
  </action>
  <action id="ChangesView.UnshelveSilently" />
  <action id="ChooseDebugConfiguration" />
  <action id="ChooseRunConfiguration" />
  <action id="ClickLink">
    <mouse-shortcut keystroke="control button1" />
  </action>
  <action id="CloseActiveTab" />
  <action id="CloseContent">
    <keyboard-shortcut first-keystroke="ctrl w" />
  </action>
  <action id="CompareTwoFiles">
    <keyboard-shortcut first-keystroke="alt d" />
  </action>
  <action id="Console.TableResult.CompareCells" />
  <action id="Console.TableResult.GotoReferencingResult">
    <mouse-shortcut keystroke="control button1" />
  </action>
  <action id="Console.TableResult.NavigateExportedAction">
    <keyboard-shortcut first-keystroke="shift alt 7" />
  </action>
  <action id="Console.TableResult.NavigateForeignAction">
    <mouse-shortcut keystroke="control button1" />
  </action>
  <action id="Console.TableResult.NextPage" />
  <action id="Console.TableResult.PreviousPage" />
  <action id="ContextHelp" />
  <action id="DatabaseView.SqlGenerator" />
  <action id="Debug">
    <mouse-shortcut keystroke="button5" />
  </action>
  <action id="Diff.ShowSettingsPopup" />
  <action id="EditSourceInNewWindow">
    <keyboard-shortcut first-keystroke="shift alt n" />
  </action>
  <action id="Editor LRU">
    <keyboard-shortcut first-keystroke="alt o" />
  </action>
  <action id="EditorDelete" />
  <action id="EditorDeleteLine" />
  <action id="EditorPageUp" />
  <action id="EditorSelectWord">
    <keyboard-shortcut first-keystroke="alt w" />
  </action>
  <action id="EditorToggleCase" />
  <action id="EditorUnSelectWord">
    <keyboard-shortcut first-keystroke="shift alt w" />
  </action>
  <action id="ExecuteInPyConsoleAction" />
  <action id="ExportToTextFile" />
  <action id="FileChooser.GotoProject" />
  <action id="FindUsages">
    <keyboard-shortcut first-keystroke="ctrl alt u" />
  </action>
  <action id="Forward">
    <keyboard-shortcut first-keystroke="shift alt right" />
  </action>
  <action id="Generate">
    <keyboard-shortcut first-keystroke="alt g" />
  </action>
  <action id="Github.Open.In.Browser">
    <keyboard-shortcut first-keystroke="ctrl alt g" />
  </action>
  <action id="GotoDeclaration">
    <mouse-shortcut keystroke="control button1" />
  </action>
  <action id="GotoDeclarationOnly">
    <keyboard-shortcut first-keystroke="ctrl b" />
  </action>
  <action id="GotoSuperMethod">
    <keyboard-shortcut first-keystroke="ctrl s" />
  </action>
  <action id="Graph.DistributeNodes.Horizontally" />
  <action id="Graph.DistributeNodes.Vertically" />
  <action id="Images.Thumbnails.Hide">
    <keyboard-shortcut first-keystroke="ctrl f4" />
  </action>
  <action id="Jdbc.OpenEditor.DDL">
    <mouse-shortcut keystroke="control button1" />
  </action>
  <action id="JupyterNotebookMoveCellDownCommandModeAction">
    <keyboard-shortcut first-keystroke="alt down" />
  </action>
  <action id="JupyterNotebookMoveCellUpCommandModeAction">
    <keyboard-shortcut first-keystroke="alt up" />
  </action>
  <action id="JupyterNotebookPasteCellAboveCommandModeAction">
    <keyboard-shortcut first-keystroke="shift ctrl v" />
  </action>
  <action id="List-scrollUp" />
  <action id="Markdown.Layout.EditorAndPreview">
    <keyboard-shortcut first-keystroke="alt p" />
  </action>
  <action id="Markdown.Styling.CreateLink" />
  <action id="NewElement">
    <keyboard-shortcut first-keystroke="alt insert" />
    <keyboard-shortcut first-keystroke="alt n" />
  </action>
  <action id="NewElementMenu">
    <keyboard-shortcut first-keystroke="alt n" />
  </action>
  <action id="NextSplitter">
    <keyboard-shortcut first-keystroke="alt j" />
  </action>
  <action id="RenameElement">
    <keyboard-shortcut first-keystroke="f2" />
  </action>
  <action id="ReopenClosedTab">
    <keyboard-shortcut first-keystroke="shift ctrl t" />
  </action>
  <action id="Run">
    <mouse-shortcut keystroke="button4" />
  </action>
  <action id="RunClass">
    <keyboard-shortcut first-keystroke="shift ctrl f10" />
    <keyboard-shortcut first-keystroke="alt r" />
  </action>
  <action id="SaveAll" />
  <action id="SearchEverywhere.NavigateToPrevGroup">
    <keyboard-shortcut first-keystroke="ctrl up" />
  </action>
  <action id="SelectNextOccurrence">
    <keyboard-shortcut first-keystroke="alt k" />
  </action>
  <action id="ShelveChanges.UnshelveWithDialog" />
  <action id="ShowUmlDiagramPopup" />
  <action id="ShowUsages">
    <keyboard-shortcut first-keystroke="ctrl u" />
  </action>
  <action id="SmartSelect" />
  <action id="SplitHorizontally">
    <keyboard-shortcut first-keystroke="alt h" />
  </action>
  <action id="SplitVertically">
    <keyboard-shortcut first-keystroke="alt v" />
  </action>
  <action id="TabShiftActions.ShiftUp" />
  <action id="TabShiftActions.StretchDown">
    <keyboard-shortcut first-keystroke="ctrl alt down" />
  </action>
  <action id="TabShiftActions.StretchUp">
    <keyboard-shortcut first-keystroke="ctrl alt up" />
  </action>
  <action id="Table-scrollUpChangeSelection" />
  <action id="Terminal.CloseTab">
    <keyboard-shortcut first-keystroke="ctrl d" />
  </action>
  <action id="Terminal.NextSplitter">
    <keyboard-shortcut first-keystroke="alt j" />
  </action>
  <action id="Terminal.OpenInTerminal">
    <keyboard-shortcut first-keystroke="ctrl t" />
  </action>
  <action id="TextEditorWithPreview.Layout.EditorAndPreview">
    <keyboard-shortcut first-keystroke="shift alt p" />
  </action>
  <action id="TextEditorWithPreview.Layout.EditorOnly">
    <keyboard-shortcut first-keystroke="shift alt e" />
  </action>
  <action id="Uml.ShowDiff" />
  <action id="UsageFiltering.WriteAccess" />
  <action id="Vcs.UpdateProject" />
  <action id="copilot.disposeInlays" />
  <action id="hg4idea.QPushAction" />
  <action id="org.intellij.plugins.markdown.ui.actions.styling.InsertImageAction" />
  <action id="org.intellij.plugins.markdown.ui.actions.styling.ToggleBoldAction" />
  <action id="tasks.close" />
  <action id="tasks.goto" />
</keymap>